21.96524,120.7586,N,70,road
21.97737,120.75299,D,70,road
22.024391,120.74307,S,60,road
22.045582,120.7301,D,70,road
22.072859,120.71401,S,50,road
22.14475,120.70069,N,50,road
22.14475,120.70069,S,50,road
22.181366,120.69289,S,70,road
22.203466,120.688126,D,70,road
22.204988,120.74949,W,40,road
22.23517,120.80282,D,40,road
22.237247,120.803444,N,40,road
22.244919,120.81045,S,70,road
22.24568,120.81402,N,70,road
22.254738,120.84108,D,40,road
22.259438,120.829895,S,70,road
22.259487,120.83249,N,70,road
22.277948,120.86456,D,40,road
22.293703,120.87637,D,70,road
22.2947,120.88693,D,60,road
22.300001,120.64377,D,70,road
22.323227,120.89187,D,70,road
22.326096,120.62501,D,70,road
22.364502,120.907684,D,60,road
22.382149,120.91234,D,60,road
22.394459,120.59174,S,70,road
22.409676,120.56386,N,60,road
22.42014,120.60589,D,60,road
22.431042,120.57348,D,70,road
22.440039,120.4703,D,40,road
22.441694,120.49351,D,40,road
22.44863,120.55739,N,70,road
22.456896,120.481926,D,70,road
22.462353,120.945015,D,50,road
22.46825,120.60919,D,60,road
22.480722,120.45672,N,50,road
22.487032,120.4554,N,70,road
22.48785,120.54937,N,50,road
22.48785,120.54937,S,60,road
22.48964,120.52966,E,50,road
22.491724,120.478874,W,60,road
22.497778,120.440414,D,70,road
22.500326,120.3961,E,60,road
22.501558,120.49575,D,50,road
22.507158,120.524925,N,110,highway
22.508148,120.52481,S,110,highway
22.50964,120.35885,S,50,road
22.510351,120.3628,N,50,road
22.510414,120.36288,N,40,road
22.51092,120.362404,S,50,road
22.512333,120.600334,D,50,road
22.513891,120.35464,S,40,road
22.519917,120.5195,D,60,road
22.521515,120.34606,S,40,road
22.52201,120.39701,S,60,road
22.522211,120.965706,D,60,road
22.524467,120.46287,N,60,road
22.524467,120.46287,S,70,road
22.528667,120.338646,N,40,road
22.532354,120.41476,S,60,road
22.534346,120.405396,S,60,road
22.53604,120.373276,N,60,road
22.53663,120.54044,D,70,road
22.54065,120.51883,N,50,road
22.541096,120.51875,S,50,road
22.542807,120.58669,D,60,road
22.547424,120.411415,S,70,road
22.551575,120.46594,D,60,road
22.55167,120.55583,D,70,road
22.554989,120.39456,E,50,road
22.558119,120.38489,W,50,road
22.55905,120.33443,N,60,road
22.560804,120.35747,N,60,road
22.561409,120.40384,D,50,road
22.561485,120.31196,S,60,road
22.561512,120.356544,S,50,road
22.561941,120.33221,S,60,road
22.562416,120.313225,S,50,road
22.563587,120.31456,N,50,road
22.563972,120.52917,D,50,road
22.5666,120.35207,S,50,road
22.567684,120.32304,S,50,road
22.568,120.35067,S,40,road
22.568169,120.483116,D,50,road
22.568972,120.35012,N,50,road
22.569546,120.433495,S,50,road
22.56965,120.54082,S,60,road
22.570126,120.522575,S,90,freeway
22.570349,120.52277,N,90,freeway
22.57036,120.376785,W,50,road
22.571115,120.336555,S,40,road
22.573195,120.35929,E,40,road
22.574074,120.40993,S,70,road
22.575094,120.99005,D,60,road
22.575134,120.32586,N,40,road
22.576746,120.331924,S,50,road
22.578098,120.326035,S,40,road
22.579426,120.510124,N,70,road
22.580269,120.32949,N,50,road
22.580608,120.32882,S,40,road
22.581043,120.40737,N,70,road
22.582087,120.54868,D,70,road
22.582222,120.370346,N,50,road
22.58326,120.34073,W,50,road
22.583427,120.32649,S,60,road
22.583641,120.30965,N,60,road
22.583788,120.34622,E,50,road
22.584517,120.32565,N,60,road
22.585747,120.328354,S,60,highway
22.586142,120.32915,N,60,highway
22.586277,120.40463,E,40,road
22.586405,120.40461,E,60,road
22.58654,120.409294,E,90,freeway
22.58744,120.99458,D,60,road
22.587458,120.30663,N,50,road
22.589094,120.37998,E,60,road
22.589376,120.38432,W,60,road
22.589525,120.48716,S,50,road
22.589718,120.49234,D,70,road
22.590328,120.35834,E,60,road
22.590372,120.35935,W,60,road
22.591167,120.419685,S,60,road
22.591784,120.49876,D,50,road
22.592106,120.35418,N,40,road
22.592665,120.43338,W,90,freeway
22.592764,120.31856,S,40,road
22.592865,120.306015,N,50,road
22.592865,120.3075,E,50,road
22.59344,120.309494,E,50,road
22.593822,120.30554,S,50,road
22.593834,120.35902,S,60,road
22.593851,120.31083,E,50,road
22.59389,120.31139,W,50,road
22.59445,120.359215,N,60,road
22.594706,120.31474,E,40,road
22.594791,120.344025,E,60,road
22.595646,120.31543,E,50,road
22.595959,120.316284,N,60,road
22.596786,120.30864,W,50,road
22.597889,120.341286,N,50,road
22.597925,120.341866,W,50,road
22.598097,120.360016,S,60,road
22.59836,120.620445,D,60,road
22.599407,120.5597,N,50,road
22.599407,120.5597,S,70,road
22.60163,120.291794,N,25,road
22.60173,120.32535,S,50,road
22.602139,120.33317,W,50,road
22.602861,120.30589,N,50,road
22.60339,121.00136,D,60,road
22.603518,120.32374,N,50,road
22.604418,120.3092,S,60,road
22.605717,120.33857,N,50,road
22.606277,120.30485,N,50,road
22.606934,120.32055,E,50,road
22.608536,120.317055,W,50,road
22.608566,120.55973,S,70,road
22.611725,120.30548,N,60,road
22.612076,120.32679,S,50,road
22.614567,120.36204,E,50,road
22.616146,120.303604,S,50,road
22.616306,120.35308,S,60,road
22.61766,120.315796,E,50,road
22.618025,120.365395,S,40,road
22.619041,120.482124,D,60,road
22.619112,120.30265,N,50,road
22.620205,120.346664,S,60,road
22.620316,120.27912,N,40,road
22.62066,120.28924,N,40,road
22.620935,120.325806,W,50,road
22.620949,120.2942,W,50,road
22.623114,120.368355,N,50,road
22.623598,120.3359,N,50,road
22.624517,120.341866,E,50,road
22.624784,120.37215,S,50,road
22.625673,120.33946,E,50,road
22.625746,120.42427,N,60,road
22.626106,120.55209,D,70,road
22.626123,121.012535,D,70,road
22.626291,120.29697,S,50,road
22.62665,120.33634,E,50,road
22.627457,120.30685,E,50,road
22.627745,120.30146,S,50,road
22.628725,120.3182,E,50,road
22.629728,120.32502,E,50,road
22.62981,120.321106,E,50,road
22.629908,120.33822,E,50,road
22.630129,120.32004,W,50,road
22.630255,120.33671,D,50,road
22.631304,120.38517,W,50,road
22.633484,120.32181,W,50,road
22.635294,120.363304,E,70,road
22.636532,120.34483,W,70,road
22.637417,120.33778,W,50,road
22.63744,120.35096,W,70,road
22.63776,120.336784,S,50,road
22.638254,120.33385,W,50,road
22.638271,120.34492,N,50,road
22.63851,120.33165,E,50,road
22.639074,120.32851,W,50,road
22.639193,120.45391,S,70,road
22.639828,120.32043,E,50,road
22.640203,120.48557,D,70,road
22.64043,120.31469,W,50,road
22.640905,120.40881,E,70,road
22.641333,120.33226,N,50,road
22.641577,120.41329,D,70,road
22.642303,120.3142,N,60,road
22.64329,120.28768,E,60,road
22.643929,120.28611,W,50,road
22.644043,120.578575,D,60,road
22.644442,120.34639,S,50,road
22.644857,120.31434,S,60,road
22.647139,120.32543,S,50,road
22.64735,120.31487,N,40,road
22.647367,120.28429,D,50,road
22.649115,120.31007,E,50,road
22.649855,120.31495,D,60,road
22.649923,120.331825,N,50,road
22.650259,120.30907,S,50,road
22.650263,120.325516,E,50,road
22.651611,120.5258,S,50,road
22.652136,120.45488,D,70,road
22.65287,120.29224,N,60,road
22.653227,120.3652,N,60,road
22.654774,120.297325,W,50,road
22.654818,120.497734,S,60,road
22.656176,120.31153,W,50,road
22.657661,120.29248,N,60,road
22.657867,120.29231,S,60,road
22.659094,120.34072,N,40,road
22.659279,120.27578,S,50,road
22.65938,120.51235,N,50,road
22.65938,120.51235,N,50,road
22.6596,120.32598,W,50,road
22.659645,120.283264,N,50,road
22.659721,120.32843,E,50,road
22.659792,120.31624,W,50,road
22.65996,120.320015,E,50,road
22.661104,120.2999,E,50,road
22.66123,120.30026,W,50,road
22.662312,120.631424,D,50,road
22.662472,121.028694,D,60,road
22.662758,120.29245,S,60,road
22.663786,120.31608,S,60,road
22.663822,120.31617,N,40,road
22.665306,120.341576,S,40,road
22.665878,120.30315,S,50,road
22.666988,120.31492,S,50,road
22.668627,120.309616,E,50,road
22.669724,120.34302,S,40,road
22.669987,120.303406,N,50,road
22.670572,120.28997,N,60,road
22.670742,120.327484,W,50,road
22.67165,120.297554,N,50,road
22.67238,120.291405,S,60,road
22.67261,121.03803,D,60,road
22.672869,120.3045,S,60,road
22.673306,120.447914,D,60,road
22.674582,120.299515,N,60,road
22.674622,120.30538,N,50,road
22.675001,120.359085,D,60,road
22.676083,120.35851,N,60,road
22.676521,120.32344,W,50,road
22.67667,120.32313,E,50,road
22.676704,120.32359,W,50,road
22.677017,120.29584,S,60,road
22.67714,120.47336,D,40,road
22.67725,120.345924,E,50,road
22.677532,120.328735,S,110,highway
22.678238,120.2974,N,60,road
22.67854,120.31905,N,60,road
22.679451,120.31378,W,50,road
22.68022,120.34047,W,50,road
22.681307,120.282486,E,50,road
22.683207,120.30349,S,50,road
22.68328,120.30762,E,40,road
22.68351,120.30761,W,60,road
22.683693,121.043304,D,60,road
22.684856,120.30621,E,60,road
22.68523,120.30643,S,50,road
22.686092,120.35326,W,60,road
22.687275,120.302666,N,60,road
22.689344,120.302864,S,60,road
22.692112,120.321556,S,40,road
22.692726,120.30272,N,60,road
22.693243,120.54267,D,60,road
22.693321,120.34936,S,60,road
22.694105,120.35793,S,60,road
22.694601,120.423904,E,50,road
22.695242,120.49361,D,70,road
22.700777,120.60497,D,40,road
22.70101,120.32345,N,60,road
22.701334,120.359764,E,60,road
22.702332,120.51959,D,60,road
22.702818,120.364,W,60,road
22.703672,120.36052,W,60,road
22.70484,120.49994,D,70,road
22.705956,121.05725,D,70,road
22.707129,120.324486,S,40,road
22.707396,120.302536,N,50,road
22.70776,120.439255,D,70,road
22.710312,120.48813,S,50,road
22.710386,120.33939,S,60,road
22.710924,121.07218,S,50,road
22.711885,120.302734,N,50,road
22.712639,120.585976,D,60,road
22.712818,120.53357,D,50,road
22.713966,120.53376,S,60,road
22.714525,120.32598,N,60,road
22.715528,120.39001,S,60,road
22.716288,120.53903,D,50,road
22.716475,121.0496,D,60,road
22.717358,120.30393,E,50,road
22.717821,120.325356,N,60,road
22.717932,120.48843,D,70,road
22.718996,120.59917,D,70,road
22.719818,120.31007,D,50,road
22.721943,120.33213,S,50,road
22.722368,120.30421,S,40,road
22.722485,120.30689,E,40,road
22.722902,120.27737,W,60,road
22.723923,120.32995,E,60,road
22.725397,120.30323,W,50,road
22.725449,120.35988,W,60,road
22.726524,120.31035,E,40,road
22.726719,121.102104,D,70,road
22.728712,121.12043,D,70,road
22.730787,120.35747,W,50,road
22.732006,120.360504,W,60,road
22.732939,120.320145,N,60,road
22.734089,120.31959,D,60,road
22.735556,120.37544,W,40,road
22.735596,120.33286,W,50,road
22.736687,120.48953,S,50,road
22.740108,120.336876,W,60,road
22.743008,120.327446,E,50,road
22.743982,121.05706,D,70,road
22.74935,120.55449,D,60,road
22.754934,120.311584,S,60,road
22.755226,120.35628,W,50,road
22.757471,120.301926,E,50,road
22.758017,120.47148,N,110,highway
22.7585,120.33219,S,110,highway
22.758595,120.36395,S,60,road
22.759113,120.3321,N,110,highway
22.759935,120.30955,S,60,road
22.764708,120.37463,E,50,road
22.767155,120.30574,S,60,road
22.768,120.30529,N,70,road
22.768127,121.13614,D,60,road
22.769218,120.44159,S,110,highway
22.769915,120.49375,D,50,road
22.770048,120.4044,W,100,highway
22.770908,120.40675,E,100,highway
22.77143,121.07541,D,60,road
22.772251,120.391426,W,50,road
22.772306,120.40064,W,60,road
22.775007,120.43045,D,50,road
22.775743,121.063995,D,40,road
22.77706,120.51586,D,50,road
22.777752,121.17634,D,60,road
22.777983,121.137375,W,60,road
22.778225,120.498055,S,50,road
22.780073,121.10995,D,50,road
22.785051,120.30418,W,60,road
22.786663,120.31535,W,60,road
22.78693,120.362366,S,60,road
22.79259,121.105995,D,60,road
22.794315,121.19388,D,60,road
22.796618,120.29846,E,50,road
22.800642,121.09504,D,60,road
22.803162,120.50132,N,50,road
22.803162,120.50132,S,60,road
22.805735,120.460945,D,70,road
22.807526,120.31085,E,60,road
22.807804,121.09232,D,60,road
22.808031,120.2433,N,60,road
22.816883,120.506744,D,50,road
22.817284,120.27358,S,60,road
22.818577,120.24047,D,70,road
22.82124,121.090614,D,60,road
22.821447,121.1889,D,50,road
22.829268,120.266075,N,60,road
22.831896,120.28646,N,50,road
22.832905,120.315475,S,50,road
22.836018,120.264824,N,60,road
22.836103,120.462395,S,70,road
22.836243,120.31752,N,60,road
22.84498,120.32285,N,60,road
22.84931,120.38294,N,110,highway
22.854364,120.261246,S,70,road
22.86191,120.22742,S,70,road
22.862396,120.36923,S,110,highway
22.867977,120.28468,S,110,highway
22.870377,120.5492,S,50,road
22.875542,120.57328,E,60,road
22.876348,120.210884,W,60,road
22.876429,120.22501,N,70,road
22.87795,120.30801,W,60,road
22.878002,120.57057,W,60,road
22.878794,120.29253,W,50,road
22.880974,120.26041,E,60,road
22.883623,120.4732,E,50,road
22.886343,120.244675,N,60,road
22.887613,120.42328,E,50,road
22.887808,120.4855,E,50,road
22.88964,120.62428,S,50,road
22.893963,121.09514,D,60,road
22.89416,120.40055,W,50,road
22.895144,121.2478,D,50,road
22.896294,120.27043,N,110,highway
22.896793,120.51985,N,60,road
22.897558,120.62668,E,60,road
22.898182,121.0965,D,60,road
22.898966,120.48113,S,60,road
22.912996,120.53655,N,50,road
22.91339,120.4934,S,60,road
22.917,120.46079,S,60,road
22.918657,120.26014,N,110,highway
22.920004,120.225494,N,50,road
22.923483,120.18476,S,50,road
22.924803,120.421616,E,50,road
22.925508,120.45236,W,50,road
22.926645,121.26827,D,50,road
22.927332,120.21165,W,90,freeway
22.929552,120.42066,N,50,road
22.930405,120.17664,D,70,road
22.931923,120.22093,S,70,road
22.937895,120.176,S,50,road
22.938217,121.14304,D,60,road
22.939863,120.2212,D,70,road
22.941,120.181496,S,50,road
22.945978,120.19549,D,60,road
22.947441,120.1741,N,60,road
22.94757,120.27526,N,70,road
22.949362,120.4677,S,60,road
22.95056,120.18443,N,50,road
22.958733,120.169586,D,50,road
22.9588,120.183876,N,60,road
22.961212,120.189156,E,50,road
22.96194,120.19253,W,60,road
22.962046,120.23616,S,40,road
22.962713,121.29628,D,50,road
22.964375,120.17872,D,60,road
22.964825,120.20016,D,60,road
22.965597,120.303055,W,50,road
22.967249,120.18389,N,60,road
22.96794,120.35717,W,50,road
22.9689,120.209946,S,50,road
22.97058,120.33847,S,110,highway
22.97128,120.31324,D,70,freeway
22.972763,120.24821,D,50,road
22.975246,120.18413,S,60,road
22.980103,120.63828,N,50,road
22.980795,120.212296,W,50,road
22.9808,120.229164,N,60,road
22.983109,120.17719,E,50,road
22.987513,121.14093,D,60,road
22.98797,120.192085,N,50,road
22.988716,120.30967,D,60,road
22.99264,120.23394,S,60,road
22.994543,120.23424,N,60,road
22.99692,121.31564,D,60,road
22.99729,120.21107,E,40,road
22.997572,120.200134,S,50,road
22.99815,120.22442,S,50,road
22.998642,120.24956,S,50,road
23.000528,120.46819,N,60,road
23.000835,120.220146,E,60,road
23.001534,120.212944,S,50,road
23.002623,120.22248,W,50,road
23.008518,120.23383,S,50,road
23.011648,120.28728,S,70,road
23.011911,120.249374,N,110,highway
23.012684,120.200386,S,50,road
23.013083,120.47022,D,60,road
23.013504,120.21203,S,40,road
23.017673,120.17903,D,70,road
23.018547,120.13247,S,70,road
23.019335,120.19698,D,60,road
23.02185,120.20602,W,60,road
23.026245,120.2493,S,110,highway
23.027317,120.26064,N,50,road
23.027685,121.33215,D,50,road
23.038275,120.32138,D,50,road
23.04589,120.1884,N,60,road
23.046125,120.20804,D,60,road
23.049866,120.145706,D,70,road
23.051445,120.22557,E,50,road
23.052488,120.18961,D,60,road
23.055922,120.29865,D,70,road
23.058355,120.23261,N,50,road
23.06104,120.13401,S,70,road
23.061531,121.16925,D,60,road
23.061539,120.33201,S,60,road
23.06164,120.17002,D,70,road
23.067501,120.38012,D,60,road
23.067614,120.21477,D,60,road
23.074215,120.13506,D,70,road
23.07735,120.193634,N,60,road
23.078297,120.14962,D,50,road
23.082615,120.25174,S,110,highway
23.083382,120.329216,N,110,highway
23.084492,120.210495,N,50,road
23.086584,120.486984,D,60,road
23.088713,120.28282,N,60,road
23.089607,120.20962,E,100,highway
23.090643,120.28252,N,60,road
23.09386,120.310776,D,70,road
23.094667,120.22924,E,50,road
23.098495,120.28104,D,60,road
23.099846,120.29493,D,70,road
23.101562,120.2877,S,30,road
23.102236,120.2803,D,60,road
23.103241,120.284904,D,60,road
23.103252,121.3768,D,50,road
23.104391,120.290016,W,60,road
23.104435,120.131676,S,70,road
23.107685,121.202835,D,60,road
23.108957,121.383514,D,50,road
23.114704,120.27492,S,60,road
23.117603,120.273605,D,60,road
23.117811,120.273506,D,60,road
23.12015,121.21221,D,50,road
23.120522,120.46526,E,50,road
23.121284,120.272125,D,60,road
23.122286,120.45354,W,70,freeway
23.123919,120.33078,E,60,road
23.12476,120.45011,D,70,freeway
23.137453,120.23468,N,110,highway
23.142551,120.42545,D,90,freeway
23.142836,120.19251,N,70,road
23.150946,120.33444,D,70,road
23.153486,121.39859,D,50,road
23.155445,120.48853,N,70,road
23.159895,120.13461,S,70,road
23.16412,120.2315,S,110,highway
23.173555,121.24275,N,60,road
23.175344,120.133705,D,70,road
23.176693,120.25403,N,50,road
23.176996,120.21999,W,60,road
23.189188,120.124985,N,70,road
23.189913,120.25361,D,60,road
23.201338,120.35549,N,110,highway
23.20419,120.23653,S,110,highway
23.20487,120.23672,N,110,highway
23.21025,120.4968,D,40,road
23.211151,120.18567,S,50,road
23.214054,120.30732,N,50,road
23.21866,120.49526,D,40,road
23.223274,121.41338,D,50,road
23.23226,120.50452,D,40,road
23.23555,120.51041,E,40,road
23.24004,120.31561,N,70,road
23.24088,120.51807,E,40,road
23.24212,120.52249,D,40,road
23.24631,120.52639,W,40,road
23.24949,120.53687,W,40,road
23.25344,121.41799,D,50,road
23.253683,120.31245,S,70,road
23.263838,120.20978,D,70,road
23.26661,121.374016,D,50,road
23.26736,121.369484,W,50,road
23.27464,120.26733,S,110,highway
23.27626,120.32532,D,70,road
23.278519,120.27128,N,110,highway
23.282194,120.2939,D,60,road
23.28243,121.42773,D,70,road
23.29279,120.241684,N,50,road
23.294575,120.12972,S,90,freeway
23.298801,120.407295,N,110,highway
23.308907,120.32573,N,50,road
23.309875,120.3359,D,50,road
23.310371,120.400185,D,50,road
23.319435,120.300354,E,50,road
23.329168,121.46233,D,50,road
23.334305,120.30684,S,110,highway
23.374134,120.36489,D,70,road
23.379984,121.47184,D,50,road
23.38762,120.35529,N,110,highway
23.388468,120.37534,N,70,road
23.397736,120.35525,S,110,highway
23.401556,121.337,S,60,road
23.40862,120.38366,D,70,road
23.426891,120.39391,S,50,road
23.439138,120.38426,D,70,road
23.444014,120.43907,D,50,road
23.45109,120.56846,W,60,road
23.453062,120.44225,N,50,road
23.45666,120.19099,D,70,freeway
23.459938,120.44056,N,50,road
23.46444,120.49665,S,50,road
23.464802,120.425064,D,50,road
23.46616,120.254814,E,50,road
23.468079,120.46644,N,50,road
23.4687,120.449135,E,50,road
23.472519,120.32873,W,70,road
23.472664,120.43792,E,50,road
23.477198,120.4309,W,50,road
23.478798,120.44178,D,50,road
23.479103,120.442024,D,50,road
23.479553,120.42458,E,50,road
23.479925,120.43007,W,50,road
23.480522,120.438644,D,50,road
23.486872,120.40342,E,70,road
23.490175,120.403595,E,50,road
23.491566,120.39789,E,50,road
23.491804,120.473755,E,50,road
23.491884,120.47364,W,50,road
23.495083,121.36711,N,70,road
23.497126,120.44253,S,50,road
23.498083,121.368385,S,70,road
23.498264,120.4515,N,50,road
23.51212,120.44435,S,50,road
23.51677,120.40404,N,110,highway
23.519648,119.57846,W,50,road
23.527653,120.405815,S,110,highway
23.534658,119.60079,N,70,road
23.534658,119.60079,N,70,road
23.539839,120.292694,N,50,road
23.54831,119.619545,N,50,road
23.549904,119.61489,W,50,road
23.552406,119.6105,S,50,road
23.553822,119.58419,E,50,road
23.557116,120.43358,N,50,road
23.557316,119.603134,E,50,road
23.558527,120.553925,S,60,road
23.560232,120.32498,W,60,road
23.560314,119.63154,N,50,road
23.560371,120.32311,W,60,road
23.5608,119.63483,N,50,road
23.563566,119.64445,E,50,road
23.563833,119.58949,W,50,road
23.565529,121.517555,N,40,road
23.56691,121.38253,S,60,road
23.567465,120.2824,W,60,road
23.568865,119.60309,W,50,road
23.56912,119.58885,W,50,road
23.570353,120.50546,S,110,highway
23.57036,119.6127,S,70,road
23.578081,119.60373,S,50,road
23.578081,119.60373,S,50,road
23.578737,120.43957,D,70,road
23.581106,120.42849,N,110,highway
23.581766,119.63691,E,50,road
23.583763,120.2994,S,60,road
23.584229,119.656944,E,50,road
23.58425,119.667145,N,40,road
23.584875,119.65956,N,50,road
23.585243,120.15164,S,90,freeway
23.596136,120.32356,D,60,road
23.597082,119.613266,N,70,road
23.597475,120.43435,S,110,highway
23.599384,119.50949,S,50,road
23.601107,119.61315,S,50,road
23.604876,120.4908,D,60,road
23.611443,120.30748,D,60,road
23.61425,119.51426,N,70,road
23.623926,120.16689,D,70,road
23.630302,120.22754,S,60,road
23.63372,120.46827,N,70,road
23.634432,119.59717,S,50,road
23.63674,119.52867,E,70,road
23.639185,120.46946,S,70,road
23.641596,120.44377,S,110,highway
23.647057,121.534386,N,60,road
23.649065,119.599335,S,50,road
23.654982,119.58657,W,50,road
23.655548,120.24066,W,60,road
23.658314,120.45549,D,60,road
23.658632,120.337105,D,60,road
23.660503,119.5603,E,70,road
23.662935,120.87654,N,50,road
23.665485,120.25901,S,50,road
23.66645,119.60277,N,40,road
23.66744,119.57477,S,70,road
23.669996,120.20882,D,60,road
23.670492,120.38855,D,60,road
23.673025,120.45189,E,100,freeway
23.67321,120.45193,W,100,freeway
23.678417,121.4195,S,60,road
23.679546,120.480835,N,60,road
23.680202,120.55256,D,60,road
23.68034,120.48086,S,60,road
23.684862,120.30067,E,100,freeway
23.685007,120.3066,W,100,freeway
23.691448,120.50823,D,70,road
23.692923,120.5988,N,110,highway
23.695944,120.53308,E,60,road
23.69827,120.32407,S,70,road
23.699762,120.54649,N,60,road
23.701073,120.35221,E,70,road
23.702278,121.41314,N,70,road
23.702805,120.55346,N,70,road
23.703785,120.20016,S,50,road
23.708206,120.324425,D,70,road
23.712355,120.47608,S,110,highway
23.717178,120.44133,W,60,road
23.717222,120.568954,N,60,road
23.717327,120.55062,W,60,road
23.719143,120.43605,E,60,road
23.720882,120.25662,N,60,road
23.721405,120.253296,S,60,road
23.727283,120.220314,N,90,freeway
23.728313,120.488914,D,70,road
23.73256,120.768555,D,50,road
23.735708,120.458275,W,60,road
23.736464,120.396,S,60,road
23.738638,120.25528,S,60,road
23.742592,120.494446,D,60,road
23.74475,121.452415,N,70,road
23.750402,120.508675,S,60,road
23.757366,120.6793,N,60,road
23.75775,120.49677,S,70,road
23.766708,120.506424,S,60,road
23.767534,120.33265,D,60,road
23.770504,120.644,N,60,road
23.77376,120.22894,D,60,road
23.774883,120.628716,S,110,highway
23.774952,120.27286,S,90,freeway
23.777445,120.68793,N,110,highway
23.778845,120.44506,N,60,road
23.780403,121.56104,S,50,road
23.785646,120.43022,D,60,road
23.788769,120.271,N,60,road
23.789066,120.70938,D,60,road
23.79007,120.47076,N,50,road
23.790655,120.47047,S,50,road
23.79157,120.23678,E,70,road
23.791637,120.23916,W,60,road
23.792048,120.2346,E,60,road
23.796333,120.278656,S,60,road
23.800879,120.38286,D,60,road
23.801483,120.62801,S,60,road
23.803984,120.71483,D,60,road
23.80611,120.61972,S,50,road
23.808374,120.705376,D,40,road
23.81694,120.67444,S,50,road
23.82349,120.72166,D,40,road
23.828299,120.75247,W,70,road
23.829111,121.50567,N,70,road
23.831924,120.48481,N,110,highway
23.832464,120.53134,D,60,road
23.833263,121.48469,N,70,road
23.83444,120.47028,N,70,road
23.834896,120.730965,D,70,road
23.84565,120.48427,S,110,highway
23.84583,120.59444,S,60,road
23.848318,120.48311,D,70,road
23.86167,120.50639,S,50,road
23.862356,120.42628,S,70,road
23.8625,120.50722,N,70,road
23.86265,120.57679,W,60,road
23.86278,120.585,N,60,road
23.86327,121.50645,S,70,road
23.869972,120.705086,N,110,highway
23.873512,120.51719,S,50,road
23.878145,120.51024,D,60,road
23.886194,121.60216,N,60,road
23.888296,120.68987,D,60,road
23.889475,120.47823,W,60,road
23.893862,120.58377,N,60,road
23.894117,120.46079,N,70,road
23.894646,120.71774,D,50,road
23.896597,120.476715,S,70,road
23.89861,120.46972,N,70,road
23.898764,121.56071,S,70,road
23.90333,120.3075,S,70,road
23.907051,121.53001,N,50,road
23.910868,120.340614,D,60,road
23.91971,120.637566,S,50,road
23.922073,120.54631,S,70,road
23.92596,120.57929,D,70,road
23.930109,120.678246,D,60,road
23.93417,120.32361,D,70,road
23.93615,120.686226,S,60,road
23.93747,120.48286,S,70,road
23.940998,121.58009,E,60,road
23.941116,120.323135,S,90,freeway
23.941944,120.32388,N,90,freeway
23.94417,120.56194,D,70,road
23.94433,120.93184,S,60,road
23.947823,120.57598,W,50,road
23.948853,120.93764,N,60,road
23.95222,120.33472,D,70,road
23.954082,121.55067,S,50,road
23.956371,120.97403,D,50,road
23.95708,120.56222,S,50,road
23.957155,120.56619,S,60,road
23.95881,121.569275,N,60,road
23.95881,121.569275,S,60,road
23.963615,120.65508,D,70,road
23.96417,120.34667,N,70,road
23.964924,121.56716,S,60,road
23.970133,120.95306,D,50,road
23.971558,120.557594,D,60,road
23.975,120.35222,N,70,road
23.97888,120.69843,W,50,road
23.9811,120.89099,W,100,highway
23.982555,120.98814,E,100,highway
23.985535,120.778725,E,100,highway
23.98917,120.56361,W,60,road
23.989222,121.61,S,50,road
23.996187,120.80137,W,100,highway
23.996204,120.67963,D,60,road
23.996405,120.722466,D,50,road
23.997437,120.47615,N,60,road
23.999996,120.65042,N,110,highway
24.00289,120.67785,N,60,road
24.010653,120.62687,E,50,road
24.01611,120.48861,S,60,road
24.02167,120.54389,N,70,road
24.02333,120.55556,S,70,freeway
24.02694,120.53889,D,70,road
24.02899,120.41613,N,70,road
24.02899,120.41613,N,70,road
24.03323,120.44422,E,70,road
24.034246,120.593765,D,40,road
24.036015,120.59235,D,40,road
24.036856,120.68279,N,70,road
24.036856,120.68279,N,70,road
24.037436,120.68192,S,70,road
24.037436,120.68192,S,70,road
24.04528,120.62194,E,70,road
24.04543,120.41993,N,50,road
24.045826,121.15568,S,30,road
24.046333,120.462975,W,60,road
24.0466,120.38841,D,60,road
24.0466,120.38841,S,60,road
24.048855,120.431015,W,50,road
24.050226,120.49667,E,60,road
24.05056,120.51111,N,60,road
24.050976,120.53299,S,70,road
24.051216,120.533295,D,70,road
24.0522,120.40692,W,60,road
24.0522,120.40692,W,60,road
24.053078,120.52377,S,110,highway
24.05835,120.41064,N,50,road
24.05835,120.41064,N,50,road
24.06039,120.41471,E,60,road
24.06411,120.36817,E,70,road
24.0669,120.40746,S,50,road
24.0669,120.40746,S,50,road
24.0702,121.3821,S,70,road
24.07028,120.5525,W,50,road
24.071049,120.63864,N,110,highway
24.072582,121.608475,N,70,road
24.07311,120.59366,S,70,freeway
24.074808,120.460785,D,60,road
24.07861,120.54472,N,50,road
24.081823,120.42038,N,90,freeway
24.08222,120.59444,D,70,freeway
24.08389,120.5525,N,50,road
24.08472,120.53111,S,70,road
24.086382,120.647896,S,60,road
24.08639,120.44583,N,70,road
24.087242,120.65812,W,60,road
24.087242,120.65812,W,60,road
24.089636,120.66426,S,70,road
24.089636,120.66426,S,70,road
24.09063,120.66457,N,70,road
24.09063,120.66457,N,70,road
24.09083,120.44806,D,70,road
24.09194,120.55056,W,50,road
24.093752,120.57575,S,70,road
24.09453,120.637,D,60,road
24.09453,120.637,D,60,road
24.09833,120.55722,N,70,road
24.09917,120.52417,W,60,road
24.10111,120.58028,N,70,road
24.10482,120.65213,N,50,road
24.106167,120.665726,E,60,road
24.10689,120.6498,S,50,road
24.108591,120.60754,S,70,road
24.110003,120.660736,S,60,road
24.110003,120.660736,S,60,road
24.111053,120.6484,W,60,road
24.111053,120.6484,W,60,road
24.11225,120.59575,E,70,road
24.11225,120.59575,E,70,road
24.113134,120.59749,S,110,highway
24.114037,120.49588,N,60,road
24.117222,121.63917,S,60,road
24.117344,120.658005,E,50,road
24.119066,120.68229,D,50,road
24.119066,120.68229,D,50,road
24.12225,120.66404,D,50,road
24.12225,120.66404,D,50,road
24.122667,120.67933,S,50,road
24.124218,120.401024,N,110,highway
24.12682,120.48998,D,60,road
24.12745,120.62967,S,60,road
24.12745,120.62967,S,60,road
24.128283,120.66449,D,50,road
24.128283,120.66449,D,50,road
24.129442,120.619804,D,80,freeway
24.129442,120.619804,D,80,freeway
24.134548,120.69571,D,50,road
24.134548,120.69571,D,50,road
24.1347,120.70977,N,40,road
24.135622,120.68188,E,50,road
24.135723,120.70936,S,50,road
24.136902,120.70988,S,80,freeway
24.136902,120.70988,S,80,freeway
24.13757,120.657326,D,50,road
24.13757,120.657326,D,50,road
24.138615,120.630974,E,50,road
24.138643,120.60922,E,50,road
24.138643,120.60922,E,50,road
24.13873,120.630775,E,50,road
24.141409,120.66702,W,50,road
24.14412,120.712036,N,50,road
24.14457,120.65734,S,50,road
24.144829,120.623505,N,40,road
24.145042,120.62725,E,50,road
24.145042,120.62725,E,50,road
24.146513,120.54904,N,70,road
24.146921,120.630356,D,50,road
24.146921,120.630356,D,50,road
24.147018,120.67897,W,50,road
24.147081,120.62328,D,60,road
24.147081,120.62328,D,60,road
24.149633,120.69949,N,50,road
24.149633,120.69949,N,50,road
24.149775,120.6232,S,40,road
24.149885,120.71485,N,80,freeway
24.149885,120.71485,N,80,freeway
24.150146,120.684265,S,50,road
24.150768,120.647316,W,50,road
24.151878,120.60441,E,60,road
24.151878,120.60441,E,60,road
24.152458,120.69855,S,50,road
24.152458,120.69855,S,50,road
24.153168,120.51881,D,60,road
24.15363,120.72522,D,50,road
24.15363,120.72522,D,50,road
24.154285,120.71678,S,50,road
24.154285,120.71678,S,50,road
24.154503,120.611015,D,50,road
24.154503,120.611015,D,50,road
24.154957,120.68655,W,50,road
24.156784,120.6599,W,60,road
24.1578,121.65052,N,60,road
24.158367,120.63997,E,60,road
24.158367,120.63997,E,60,road
24.16113,120.617775,S,50,road
24.161362,120.58719,W,60,road
24.16301,120.68129,W,50,road
24.163439,120.71938,S,40,road
24.163551,120.71781,E,60,road
24.163551,120.71781,E,60,road
24.163551,120.71781,E,60,road
24.164804,120.706024,W,60,road
24.164879,120.640724,E,60,road
24.165606,120.6851,S,50,road
24.167393,120.63082,D,60,road
24.167393,120.63082,N,60,road
24.167746,120.73345,N,50,road
24.167746,120.73345,N,50,road
24.169611,120.542145,S,70,road
24.171976,120.62116,N,50,road
24.171976,120.62116,N,50,road
24.172531,120.68546,S,50,road
24.172567,120.66065,S,50,road
24.176163,120.54306,S,70,road
24.176296,120.73518,S,50,road
24.176296,120.73518,S,50,road
24.176615,120.73828,W,50,road
24.176615,120.73828,W,50,road
24.176645,120.57916,W,60,road
24.176645,120.57916,W,60,road
24.176659,120.71065,S,50,road
24.176659,120.71065,S,50,road
24.176659,120.71065,S,50,road
24.17851,120.54876,N,110,highway
24.178783,120.54362,N,70,road
24.178783,120.54362,N,70,road
24.180975,120.72484,W,50,road
24.180975,120.72484,W,50,road
24.180975,120.72484,W,50,road
24.181044,120.619835,E,50,road
24.1819,120.5978,E,50,road
24.1819,120.5978,E,50,road
24.181917,120.674286,E,50,road
24.181917,120.674286,E,50,road
24.1827,120.6022,E,50,road
24.182938,120.60272,E,40,road
24.182938,120.60272,E,40,road
24.18653,120.60414,N,50,road
24.18653,120.60414,N,50,road
24.186693,120.61284,E,50,road
24.186693,120.61284,E,50,road
24.18763,120.57346,W,50,road
24.187832,120.57871,N,60,road
24.188057,120.71834,S,50,road
24.188057,120.71834,S,50,road
24.188057,120.71834,S,50,road
24.1901,120.6128,E,50,road
24.1901,120.6128,E,50,road
24.190897,120.56188,S,110,highway
24.191656,120.64392,W,50,road
24.192783,120.67149,W,50,road
24.192793,120.57993,W,70,road
24.192793,120.57993,W,70,road
24.19317,120.64267,N,60,road
24.19317,120.64267,N,60,road
24.194983,120.644775,W,80,freeway
24.194983,120.644775,W,80,freeway
24.19513,120.57222,W,50,road
24.196201,120.59475,S,50,road
24.196201,120.59475,S,50,road
24.197182,120.650085,E,80,freeway
24.197182,120.650085,E,80,freeway
24.198017,120.70297,S,60,road
24.198017,120.70297,S,60,road
24.198784,120.51382,S,60,road
24.198912,120.76548,W,50,road
24.198912,120.76548,W,50,road
24.199211,120.65583,N,50,road
24.200447,120.70982,E,80,freeway
24.200447,120.70982,E,80,freeway
24.20075,120.70975,W,80,freeway
24.20075,120.70975,W,80,freeway
24.201292,120.56995,W,50,road
24.201292,120.56995,W,50,road
24.201817,120.627754,S,50,road
24.203175,120.6867,D,60,road
24.203175,120.6867,D,60,road
24.203812,120.60799,E,40,road
24.205421,120.63207,W,60,road
24.205421,120.63207,W,60,road
24.207615,120.62186,E,60,road
24.208696,120.53984,N,70,road
24.208696,120.53984,N,70,road
24.208727,120.48009,E,50,road
24.209267,120.72174,S,50,road
24.209267,120.72174,S,50,road
24.209778,120.61238,N,60,road
24.210121,120.559746,D,60,road
24.210121,120.559746,W,60,road
24.210285,120.70532,S,60,road
24.210611,120.72229,N,50,road
24.210611,120.72229,N,50,road
24.214231,120.673164,S,110,highway
24.215734,120.67085,W,50,road
24.215734,120.67085,W,50,road
24.21576,120.68834,N,60,road
24.216763,120.580826,W,60,road
24.218498,120.52294,N,90,freeway
24.219357,120.537636,W,60,road
24.219357,120.537636,W,60,road
24.220963,120.497734,N,50,road
24.221622,120.83711,E,60,road
24.222034,120.83718,W,60,road
24.222034,120.83718,W,60,road
24.2254,120.5771,W,60,road
24.22941,120.70861,N,60,road
24.229563,120.59093,S,110,highway
24.22982,120.69065,D,60,road
24.22982,120.69065,D,60,road
24.232698,120.57241,W,60,road
24.232698,120.57241,W,60,road
24.236176,120.59371,N,110,highway
24.236662,120.548325,S,70,road
24.236662,120.548325,S,70,road
24.237774,120.834564,E,60,road
24.238121,120.56767,E,60,road
24.240812,120.675,D,60,road
24.240812,120.675,D,60,road
24.2419,120.57095,S,60,road
24.24623,120.60923,W,70,road
24.24623,120.60923,W,70,road
24.24755,120.706635,D,60,road
24.24755,120.7364,W,60,road
24.24755,120.7364,W,60,road
24.25025,120.58471,W,60,road
24.25025,120.58471,W,60,road
24.252245,120.52082,S,60,road
24.253681,120.57488,E,60,road
24.253681,120.57488,E,60,road
24.255108,120.52259,W,50,road
24.256582,120.706635,D,60,road
24.258165,120.53942,S,60,road
24.26045,120.72356,E,50,road
24.261272,120.736855,S,50,road
24.264332,120.72574,W,60,road
24.264332,120.72574,W,60,road
24.267813,120.566574,N,70,road
24.271301,120.56481,W,60,road
24.27301,120.79112,E,70,road
24.273296,120.693085,S,110,highway
24.27415,120.77903,S,70,road
24.275433,120.78272,S,70,road
24.275433,120.78272,S,70,road
24.27559,120.773125,S,70,road
24.277002,120.75961,S,50,road
24.277452,120.71295,E,50,road
24.277452,120.71295,E,50,road
24.27849,120.57553,S,70,road
24.284721,120.72255,S,60,road
24.29135,120.723434,S,60,road
24.29135,120.723434,S,60,road
24.2915,120.7324,S,50,road
24.291664,120.58764,S,70,road
24.291922,120.79997,S,60,road
24.291922,120.79997,S,60,road
24.293697,120.60209,N,110,highway
24.294132,120.55248,S,70,road
24.296701,120.56402,N,70,road
24.301151,120.54493,N,50,road
24.30211,121.750694,N,50,road
24.303308,120.58682,W,70,road
24.303308,120.58682,W,70,road
24.305094,120.62779,W,100,highway
24.313862,121.74539,S,50,road
24.3199,120.7323,E,50,road
24.320395,120.56591,S,90,freeway
24.321606,120.72295,E,50,road
24.323368,120.77479,D,50,road
24.3246,120.823845,S,60,road
24.32607,120.608826,N,70,road
24.32607,120.608826,N,70,road
24.330593,120.62855,S,110,highway
24.33512,120.7308,S,60,road
24.33512,120.7308,S,60,road
24.338886,120.82357,N,60,road
24.345043,120.744514,D,50,road
24.347183,120.61697,S,60,road
24.348303,120.8283,S,60,road
24.35014,120.74204,D,60,road
24.35378,120.61876,N,60,road
24.356602,120.6228,S,60,road
24.37083,120.74645,S,100,highway
24.37388,120.842674,N,60,road
24.378527,120.74986,S,60,road
24.37995,120.68583,E,60,road
24.382694,120.651505,S,70,road
24.394587,120.67131,W,60,road
24.395475,120.86043,N,60,road
24.408592,120.64362,N,70,road
24.409588,120.86529,N,60,road
24.41928,120.6551,E,50,road
24.428797,120.86771,N,60,road
24.4435,120.64825,S,60,road
24.44647,120.65332,S,50,road
24.453047,120.67839,S,110,highway
24.462055,120.78804,N,100,highway
24.462545,121.79366,D,50,road
24.46758,121.80645,D,50,road
24.46855,120.81822,D,80,freeway
24.469824,120.66622,N,60,road
24.476599,120.88974,S,60,road
24.47729,120.80923,W,80,freeway
24.478888,120.78136,S,60,road
24.48168,120.68407,S,60,road
24.488768,120.89901,S,60,road
24.490236,121.83023,N,40,road
24.494154,120.67632,N,90,freeway
24.494358,120.78141,S,60,road
24.496456,120.69913,W,60,road
24.497608,120.67696,S,90,freeway
24.498888,120.80876,S,60,road
24.498959,120.90236,N,60,road
24.507294,120.71315,S,110,highway
24.512255,120.835365,S,60,road
24.51366,121.21386,D,40,road
24.522364,120.792854,N,60,road
24.52958,120.916466,S,60,road
24.52958,120.916466,S,60,road
24.529861,120.91459,N,60,road
24.53442,121.2217,D,40,road
24.5422,120.921745,S,60,road
24.547905,121.83988,N,60,road
24.550495,120.813934,N,50,road
24.551407,120.83144,D,70,freeway
24.551743,120.81608,D,50,road
24.551931,121.84039,S,60,road
24.557383,120.81373,D,50,road
24.56362,120.709694,N,60,road
24.569326,120.7121,S,60,road
24.570803,120.85275,S,100,highway
24.576845,120.85494,S,50,road
24.578798,120.80374,W,60,road
24.590336,120.81526,W,50,road
24.590792,121.8595,D,60,road
24.591295,120.779076,N,110,highway
24.592031,120.86044,S,100,highway
24.594868,120.78955,E,60,road
24.604675,120.9586,N,60,road
24.607538,120.832245,S,60,road
24.611954,121.85278,D,70,road
24.61392,120.79464,N,60,road
24.615463,121.821266,D,60,road
24.616138,120.94928,D,60,road
24.616726,120.839836,N,50,road
24.619045,120.949905,N,60,road
24.622055,120.84604,D,50,road
24.624105,120.84835,S,50,road
24.625143,120.85055,N,60,road
24.632866,120.85721,S,60,road
24.637379,120.78327,N,80,freeway
24.63743,121.80556,S,90,highway
24.639528,120.955826,N,60,road
24.645603,121.78557,S,60,road
24.646929,120.845,N,70,road
24.65347,120.88288,N,60,road
24.653536,120.85221,N,70,road
24.657776,120.81203,D,80,freeway
24.657776,120.81203,D,80,freeway
24.657883,120.81119,S,80,freeway
24.66203,120.878746,S,70,road
24.663143,120.88218,N,70,road
24.664686,121.82835,N,60,road
24.665936,120.96546,N,60,road
24.667261,121.697624,D,60,road
24.670204,121.71217,D,60,road
24.671583,120.87099,E,60,road
24.671747,120.85556,W,60,road
24.672573,121.78949,D,60,road
24.673485,121.80519,D,60,road
24.674002,120.89102,N,60,road
24.674433,120.91392,S,60,road
24.677273,121.67725,D,60,road
24.680124,120.94835,E,50,road
24.680323,121.79319,S,60,road
24.68059,121.76142,W,40,road
24.681976,120.95703,W,50,road
24.683172,120.89492,N,60,road
24.683813,121.79258,N,60,road
24.68516,120.90206,S,60,road
24.685402,120.93603,W,50,road
24.686438,120.92912,W,50,road
24.686905,120.879974,D,30,road
24.687069,121.71839,D,60,road
24.688986,121.791145,S,60,road
24.68992,120.92423,W,50,road
24.690245,120.92369,E,50,road
24.690813,120.9131,S,60,road
24.690916,120.88542,S,60,road
24.691969,120.85332,S,110,highway
24.692188,120.90152,D,50,road
24.692722,120.87718,W,60,road
24.69308,120.91523,W,50,road
24.693743,120.85995,N,40,road
24.69521,120.885445,S,60,road
24.696066,121.72893,D,60,road
24.69619,120.85779,N,110,highway
24.697054,120.98595,D,60,road
24.697115,121.03471,D,60,road
24.69807,121.72788,S,60,road
24.700827,121.74223,D,50,road
24.707457,121.709625,D,60,road
24.709387,121.81058,D,60,road
24.710798,121.76619,D,60,road
24.713758,120.92211,N,70,road
24.714243,121.738594,D,50,road
24.714918,120.89375,S,110,highway
24.71743,121.71865,D,60,road
24.717842,121.700935,D,60,road
24.718306,121.76525,D,60,road
24.719,121.748116,D,50,road
24.719269,121.80265,D,50,road
24.720003,120.916664,N,60,road
24.720016,121.717964,D,60,road
24.720304,121.783035,D,50,road
24.720446,121.11652,D,60,road
24.723228,120.90459,N,60,road
24.723764,121.078285,N,50,road
24.724194,120.919,S,60,road
24.725458,120.92787,N,50,road
24.726902,120.94732,N,100,highway
24.727465,121.808556,D,60,road
24.73036,121.81915,D,60,road
24.731752,120.915436,S,60,road
24.732752,121.71639,D,60,road
24.736074,120.96852,S,100,highway
24.736444,120.88559,S,80,freeway
24.738028,121.76105,N,60,road
24.742622,120.90828,N,60,road
24.743658,121.77168,S,70,road
24.744093,121.78176,N,60,road
24.744226,120.95864,N,50,road
24.746012,120.92539,S,110,highway
24.747807,121.08006,D,50,road
24.748297,121.77159,N,70,road
24.751755,120.93832,S,50,road
24.75506,120.953094,S,50,road
24.756819,121.771355,S,70,road
24.758747,121.81548,D,60,road
24.760712,121.75987,S,50,road
24.761814,120.9583,D,70,road
24.762646,120.96173,N,40,road
24.76286,120.913246,S,60,road
24.765247,121.17297,N,50,road
24.765705,121.08224,W,60,road
24.766775,121.77852,S,60,road
24.766848,120.99643,S,50,road
24.767035,121.770744,N,70,road
24.767654,120.91577,N,60,road
24.77316,120.95296,S,70,road
24.774435,120.99819,E,50,road
24.774717,121.07388,W,60,road
24.775278,121.17617,S,50,road
24.779507,121.02924,W,50,road
24.78108,120.919235,N,60,road
24.784409,120.92019,S,60,road
24.784632,121.01837,S,30,road
24.786226,120.94983,N,70,road
24.78748,120.92676,S,60,road
24.788258,120.98239,W,50,road
24.788465,120.97511,D,40,road
24.788622,120.92972,N,60,road
24.788721,120.98529,D,40,road
24.789581,121.784225,D,60,road
24.790733,120.9357,S,60,road
24.791037,121.780426,N,60,road
24.791565,121.78095,N,90,highway
24.791565,121.78095,N,90,highway
24.793509,120.919395,N,80,freeway
24.79362,120.945526,N,60,road
24.793715,120.93678,S,50,road
24.794996,120.97268,S,50,road
24.7953,120.948944,N,60,road
24.79537,121.01323,N,50,road
24.795456,121.03352,E,90,freeway
24.795918,120.99802,W,50,road
24.796486,120.95245,N,50,road
24.797277,121.05501,D,60,road
24.79777,121.029686,W,90,freeway
24.79972,121.81658,D,60,road
24.800165,120.98983,W,50,road
24.801134,120.98677,E,50,road
24.803886,120.97689,W,50,road
24.805037,120.95555,S,50,road
24.80587,120.973694,E,50,road
24.807201,121.149864,S,110,highway
24.807743,120.958046,N,50,road
24.809292,120.98313,N,50,road
24.810917,120.982635,W,50,road
24.811949,120.92646,S,50,road
24.812634,120.98927,E,50,road
24.812773,120.96576,N,50,road
24.81397,120.92257,N,60,road
24.814762,120.98113,S,50,road
24.814775,120.98553,W,50,road
24.815268,120.98728,S,50,road
24.81573,120.99342,N,50,road
24.816027,121.115875,W,60,road
24.817444,120.99061,S,50,road
24.817825,120.96534,S,40,road
24.817877,120.96524,S,50,road
24.818115,121.810684,D,50,road
24.818996,120.9245,S,50,road
24.820688,120.968094,S,50,road
24.821245,120.98121,W,50,road
24.822033,120.98689,E,40,road
24.822088,121.09389,E,60,road
24.823582,120.97796,S,50,road
24.824112,121.82069,D,60,road
24.825012,120.97564,E,40,road
24.825338,121.05786,W,60,road
24.826025,121.238655,D,60,road
24.82604,121.18405,D,40,road
24.826324,120.997604,S,60,road
24.826963,121.266235,D,60,road
24.827642,120.92734,S,50,road
24.828068,121.80138,D,60,road
24.829601,120.95478,W,50,road
24.830074,120.95854,W,50,road
24.830685,121.78717,D,50,road
24.832504,120.95176,E,50,road
24.832527,120.927216,N,60,road
24.833956,120.94431,E,50,road
24.838078,120.94409,D,50,road
24.84157,120.97137,D,50,road
24.842299,120.93412,N,50,road
24.842539,120.9342,S,50,road
24.844084,120.94274,S,50,road
24.845257,120.9341,W,50,road
24.84562,121.79265,D,60,road
24.84921,121.79603,D,50,road
24.849716,121.22926,D,50,road
24.855085,121.00254,N,50,road
24.855177,121.002075,S,50,road
24.860128,121.788055,S,90,highway
24.860365,121.78834,N,90,highway
24.861322,121.218094,D,60,road
24.863388,120.99152,D,60,road
24.869598,121.77889,S,90,highway
24.869923,121.779335,N,90,highway
24.871765,121.83554,D,60,road
24.876352,121.27612,D,60,road
24.876558,121.04609,N,100,highway
24.87658,120.95437,N,70,road
24.877853,120.95457,S,70,road
24.87876,121.76942,S,90,highway
24.879107,121.769875,N,90,highway
24.880438,121.03631,S,70,road
24.881098,121.25546,S,110,highway
24.88472,121.08215,S,100,highway
24.885187,121.02346,S,70,road
24.886557,121.082695,D,70,road
24.88923,121.761765,S,90,highway
24.889566,121.762215,N,90,highway
24.896788,121.226,D,50,road
24.89806,121.21083,D,50,road
24.899525,121.75373,S,90,highway
24.89985,121.75418,N,90,highway
24.900974,121.86346,D,50,road
24.90288,121.37335,D,40,road
24.90387,121.86673,D,60,road
24.90688,121.14574,N,50,road
24.907925,121.74336,S,90,highway
24.908276,121.74382,N,90,highway
24.91096,121.71682,D,40,road
24.911953,121.259544,D,50,road
24.91237,121.36589,D,50,road
24.913181,121.28098,D,50,road
24.916126,121.73286,S,90,highway
24.91648,121.733315,N,90,highway
24.92282,121.54935,D,50,road
24.924303,121.304276,N,110,highway
24.925926,121.72434,S,90,highway
24.92619,121.44138,D,40,road
24.92628,121.72481,N,90,highway
24.926605,121.19182,N,50,road
24.92681,121.37177,D,50,road
24.92973,121.41125,D,50,road
24.931686,120.99606,S,60,road
24.93204,121.45453,D,40,road
24.932375,120.99692,S,60,road
24.93368,121.40395,D,50,road
24.93531,121.71017,D,40,road
24.93552,121.70452,D,40,road
24.937542,121.201645,D,50,road
24.93909,121.36717,D,50,road
24.939224,121.89127,D,50,road
24.93945,121.33556,D,40,road
24.941029,121.19353,N,100,highway
24.941515,121.90011,S,60,road
24.94202,121.47379,D,40,road
24.943516,121.29749,D,50,road
24.945833,121.19477,N,100,highway
24.94604,121.47897,D,40,road
24.94848,121.54603,D,50,road
24.94919,121.34403,D,50,road
24.949272,121.70153,S,80,highway
24.94975,121.40913,D,50,road
24.95029,121.6478,D,40,road
24.952522,121.25115,D,50,road
24.952927,121.91424,D,60,road
24.953,121.54501,D,50,road
24.95332,121.55339,D,50,road
24.95412,121.55815,D,50,road
24.954155,121.63567,D,40,road
24.9552,121.53937,D,50,road
24.956474,121.36482,D,50,road
24.95708,121.35978,D,50,road
24.959269,121.32486,E,100,highway
24.95929,121.42269,D,50,road
24.95929,121.42269,D,50,road
24.959364,121.61673,D,40,road
24.96028,121.1875,D,50,road
24.960634,121.318436,D,50,road
24.96195,121.52834,D,50,road
24.962175,121.53064,N,90,highway
24.96286,121.42566,D,50,road
24.96343,121.54197,D,50,road
24.9639,121.33842,D,50,road
24.9646,121.41591,D,50,road
24.96472,121.41621,D,50,road
24.965454,121.43242,D,50,road
24.96601,121.53719,D,60,road
24.96697,121.33123,D,50,road
24.96717,121.38438,D,50,road
24.96859,121.39155,D,50,road
24.96928,121.53566,D,60,road
24.970085,121.92609,D,50,road
24.970173,121.53375,D,60,road
24.970358,121.21667,S,100,highway
24.972265,121.12517,D,50,road
24.97264,121.43305,D,50,road
24.973124,121.41944,D,50,road
24.97459,121.51862,D,50,road
24.975258,121.45628,S,100,highway
24.97537,121.40145,D,50,road
24.97538,121.52539,D,60,road
24.975492,121.54616,D,50,road
24.976095,121.57083,N,90,highway
24.97739,121.44939,D,50,road
24.977514,121.465515,N,100,highway
24.97889,121.4508,D,50,road
24.97889,121.4508,D,50,road
24.97889,121.4508,D,50,road
24.97892,121.428825,D,50,road
24.97905,121.544914,D,50,road
24.97919,121.45098,D,50,road
24.979986,121.52319,D,60,road
24.98054,121.54414,D,50,road
24.980923,121.4378,D,60,freeway
24.980923,121.4378,D,60,freeway
24.98137,121.42829,D,50,road
24.983744,121.43934,D,50,road
24.984545,121.412865,D,50,road
24.98511,121.54108,D,50,road
24.985771,121.516556,D,50,road
24.98839,121.5646,D,50,road
24.989258,121.262245,D,50,road
24.98965,121.41573,D,50,road
24.990446,121.1744,D,50,road
24.99144,121.551506,S,50,road
24.992199,121.59263,S,90,highway
24.992655,121.54062,S,50,road
24.99278,121.22139,D,50,road
24.993511,121.50045,D,50,road
24.993586,121.5057,W,70,freeway
24.994188,121.49166,E,70,freeway
24.99423,121.41921,D,50,road
24.9945,121.41945,D,50,road
24.994558,121.65255,N,80,highway
24.99567,121.282974,E,100,highway
24.99799,121.4223,D,50,road
24.9989,121.59344,E,50,road
24.998964,121.428055,D,40,road
24.99899,121.62653,D,60,road
24.99938,121.60351,D,60,road
24.999609,121.53528,S,60,road
25.00048,121.42626,D,50,road
25.001425,121.53909,S,50,road
25.002476,121.22935,D,50,road
25.005106,121.57856,W,80,highway
25.00533,121.4414,D,50,road
25.0059,121.63132,D,60,road
25.005974,121.32065,N,70,road
25.005974,121.32065,D,50,road
25.005974,121.32065,D,50,road
25.005974,121.32065,D,70,road
25.006397,121.451645,D,80,freeway
25.006935,121.657745,D,40,road
25.008957,121.581245,S,70,road
25.009336,121.52476,D,50,road
25.00944,121.38944,D,50,road
25.00944,121.64866,D,40,road
25.00955,121.382385,N,50,road
25.009743,121.557304,S,50,road
25.010017,121.481735,W,70,freeway
25.010181,121.48011,D,50,road
25.010769,121.56336,W,80,highway
25.01107,121.48879,D,50,road
25.011337,121.44253,D,50,road
25.01139,121.37833,D,50,road
25.01205,121.47617,D,50,road
25.014542,121.2712,D,50,road
25.014826,121.44407,D,50,road
25.01503,121.41068,D,50,road
25.016603,121.54371,N,50,road
25.01667,121.39306,N,50,road
25.016891,121.52478,S,60,road
25.01724,121.4094,D,50,road
25.017244,121.54883,W,50,road
25.017883,121.90777,D,50,road
25.018326,121.51487,D,50,road
25.018425,121.44752,D,80,freeway
25.018555,121.545944,N,60,road
25.01877,121.47163,D,60,road
25.01914,121.79376,D,50,road
25.019234,121.49712,D,50,road
25.01935,121.94097,D,50,road
25.01948,121.50312,W,60,road
25.020033,121.53406,N,50,road
25.0208,121.48396,D,50,road
25.021685,121.350945,D,60,road
25.02222,121.36444,D,60,road
25.02238,121.44116,D,50,road
25.02287,121.98017,D,60,road
25.02376,121.428825,D,70,road
25.02524,121.41299,D,60,road
25.02532,121.4128,D,60,road
25.025947,121.484168,NW,70,freeway
25.026205,121.53762,S,70,road
25.026665,121.52677,E,50,road
25.028276,121.2518,W,100,highway
25.02834,121.46539,E,60,road
25.028524,121.515686,D,50,road
25.02876,121.830345,D,60,road
25.02955,121.610565,N,90,highway
25.03016,121.40076,D,50,road
25.030283,121.53368,S,50,road
25.03056,121.48961,D,50,road
25.032803,121.86508,D,40,road
25.033098,121.49679,W,50,road
25.0342,121.476,D,50,road
25.035309,121.49718,E,50,road
25.035868,121.479195,D,50,road
25.037064,121.26936,D,50,road
25.037607,121.46105,D,50,road
25.037806,121.42754,D,60,road
25.038351,121.53017,W,50,road
25.03951,121.40719,D,50,road
25.039843,121.50743,S,50,road
25.04003,121.92655,D,60,road
25.04016,121.46546,D,50,road
25.040699,121.37118,D,50,road
25.04094,121.46712,D,50,road
25.04102,121.57064,E,50,road
25.04131,121.55998,D,50,road
25.041674,121.53688,E,50,road
25.042246,121.37663,D,50,road
25.042383,121.53301,S,110,highway
25.043074,121.50858,N,50,road
25.04333,121.22389,D,50,road
25.0437763,121.5004702,S,50,road
25.043856,121.44229,D,50,road
25.044518,121.53994,E,40,road
25.045202,121.22364,D,50,road
25.04554,121.37753,D,50,road
25.046879,121.62579,N,90,highway
25.047602,121.56399,E,50,road
25.048206,121.51977,E,80,freeway
25.048212,121.53691,N,50,road
25.049723,121.21739,W,100,highway
25.049723,121.21739,W,100,highway
25.049833,121.21719,E,100,highway
25.050062,121.58609,E,50,road
25.050854,121.492383,NE,70,freeway
25.050976,121.59186,W,50,road
25.051294,121.44227,D,50,freeway
25.051294,121.44227,D,60,freeway
25.05136,121.44257,D,50,road
25.052607,121.61159,E,50,road
25.052633,121.53678,S,70,road
25.05334,121.92373,D,50,road
25.05363,121.9239,D,50,road
25.053974,121.613174,E,50,road
25.05411,121.61222,W,50,road
25.054245,121.5656,E,50,road
25.05448,121.49623,D,50,road
25.05524,121.312965,D,40,road
25.055712,121.42583,D,30,road
25.055984,121.2277,D,50,road
25.05661,121.40171,D,50,road
25.057318,121.614105,S,50,road
25.057697,121.56936,N,50,road
25.058174,121.27488,D,60,road
25.059874,121.586334,W,80,freeway
25.05999,121.64021,D,50,road
25.060703,121.332634,S,100,highway
25.060823,121.58296,E,50,road
25.06111,121.64259,D,50,road
25.0615,121.47961,S,50,road
25.06157,121.65135,D,50,road
25.06195,121.568436,S,50,road
25.06205,121.55749,D,50,road
25.063948,121.60169,N,100,highway
25.064278,121.60144,S,100,highway
25.065002,121.38388,N,100,highway
25.065875,121.5088254,S,60,road
25.065916,121.61644,N,100,highway
25.065943,121.674904,D,50,road
25.066257,121.42388,N,50,highway
25.066557,121.5277,S,70,road
25.06671,121.66457,D,50,road
25.066725,121.62495,S,100,highway
25.066849,121.54438,S,40,road
25.067223,121.42437,S,50,highway
25.067425,121.59766,D,50,road
25.06842,121.68126,D,60,road
25.06859,121.762505,N,50,road
25.06889,121.41264,D,50,road
25.071262,121.60418,W,50,road
25.071774,121.54434,N,40,road
25.072107,121.36435,D,50,road
25.07277,121.3755,D,50,road
25.07278,121.68333,D,50,road
25.07305,121.536865,S,100,highway
25.073347,121.36106,D,50,road
25.074478,121.75822,N,40,road
25.074547,121.59,N,50,road
25.074602,121.51978,D,50,road
25.075502,121.47129,S,100,highway
25.07571,121.376305,D,50,road
25.07579,121.37601,D,50,road
25.075933,121.68742,N,50,road
25.075937,121.466354,S,100,highway
25.076023,121.6918,N,60,road
25.076668,121.566376,E,50,road
25.076698,121.37455,D,50,road
25.07677,121.3864,D,50,road
25.076906,121.75572,N,40,road
25.07699,121.67155,D,50,road
25.077658,121.540924,D,50,road
25.077787,121.60028,N,50,road
25.077879,121.375435,D,50,road
25.077879,121.53627,W,50,road
25.078018,121.3659,D,50,road
25.078018,121.365906,D,50,road
25.078312,121.647484,N,90,highway
25.079073,121.50822,S,60,road
25.07952,121.91446,D,60,road
25.08034,121.69804,N,50,road
25.080408,121.69829,S,50,road
25.080551,121.52216,D,50,road
25.08173,121.56998,E,50,road
25.081923,121.70324,N,50,road
25.081982,121.30809,D,50,road
25.081993,121.703125,S,50,road
25.08245,121.49908,D,50,road
25.082521,121.50743,N,50,road
25.083036,121.604034,E,50,road
25.083277,121.37872,D,50,road
25.083538,121.74865,N,40,road
25.08505,121.37809,D,50,road
25.0851,121.49716,D,50,road
25.085184,121.385574,D,50,road
25.085808,121.68071,N,100,highway
25.086462,121.443245,D,50,road
25.08667,121.52306,N,50,road
25.0875201,121.5114121,N,50,road
25.087778,121.49335,D,50,road
25.087847,121.69552,S,50,road
25.08842,121.49428,D,50,road
25.08844,121.44501,D,50,road
25.08899,121.45572,D,50,road
25.08959,121.375755,D,50,road
25.090446,121.707184,N,50,road
25.091421,121.44712,D,50,road
25.09222,121.4484,E,80,freeway
25.092577,121.69939,S,50,road
25.09364,121.46128,D,50,road
25.095709,121.71404,S,50,road
25.09737,121.47416,D,50,road
25.098783,121.75474,W,50,road
25.101782,121.69604,D,50,road
25.10187,121.75308,W,80,freeway
25.102283,121.754326,E,80,freeway
25.102694,121.73952,E,50,road
25.103292,121.726135,N,50,road
25.10369,121.77496,D,50,road
25.103973,121.51211,N,60,road
25.103992,121.726135,S,50,road
25.104025,121.54252,D,40,road
25.104801,121.73433,E,50,road
25.104881,121.51186,S,60,road
25.1053,121.737564,W,50,road
25.106007,121.49899,N,80,freeway
25.10624,121.80405,S,50,road
25.106857,121.72474,S,100,highway
25.10755,121.81937,D,40,road
25.10765,121.80943,D,50,road
25.107763,121.72534,N,100,highway
25.107931,121.49871,S,80,freeway
25.10817,121.546036,D,40,road
25.110235,121.68526,S,90,highway
25.110722,121.73506,N,50,road
25.11272,121.79625,D,40,road
25.112968,121.69048,E,40,road
25.113022,121.74012,N,50,road
25.114443,121.50257,N,50,road
25.115122,121.6935,W,80,freeway
25.115238,121.77542,D,60,road
25.11525,121.45757,D,50,road
25.116095,121.69441,E,80,freeway
25.116156,121.72644,W,50,road
25.117428,121.80344,D,80,freeway
25.117428,121.80344,D,80,freeway
25.11819,121.74368,S,50,road
25.120644,121.72226,W,50,road
25.12077,121.88808,D,50,road
25.121183,121.45556,D,50,road
25.1212,121.91718,D,50,road
25.122051,121.30524,D,90,freeway
25.122408,121.480316,N,70,road
25.122429,121.47776,S,70,road
25.122475,121.72526,N,50,road
25.122484,121.86391,D,50,road
25.123219,121.74293,S,50,road
25.12329,121.45458,D,50,road
25.123318,121.73601,N,50,road
25.12413,121.77956,S,60,freeway
25.12413,121.77956,S,60,freeway
25.124163,121.77931,N,60,freeway
25.124203,121.77979,N,60,freeway
25.12427,121.79007,E,50,road
25.125595,121.39082,D,40,road
25.12693,121.78308,E,50,road
25.1274,121.73231,E,50,road
25.12744,121.40382,W,80,freeway
25.127695,121.77779,N,40,freeway
25.12792,121.71967,W,50,road
25.128004,121.75589,E,50,road
25.12807,121.81608,D,50,road
25.12807,121.81609,D,50,road
25.128143,121.76861,W,50,road
25.12841,121.733025,N,50,road
25.129612,121.74642,W,50,road
25.129747,121.799614,N,50,road
25.13015,121.737,S,50,road
25.130178,121.46587,D,30,road
25.13019,121.45138,D,50,road
25.13034,121.49684,N,60,road
25.131996,121.74495,S,50,road
25.13205,121.45154,D,50,road
25.13211,121.79846,S,50,road
25.132162,121.54652,D,40,road
25.133339,121.72058,E,50,road
25.133802,121.73922,N,50,road
25.133865,121.361244,D,90,freeway
25.133865,121.361244,D,50,road
25.134869,121.74588,N,50,road
25.13583,121.45009,D,50,road
25.136154,121.740974,S,50,road
25.137762,121.74951,S,50,road
25.13779,121.37247,D,50,road
25.138008,121.740974,S,50,road
25.13845,121.74045,N,50,road
25.13898,121.39316,D,50,road
25.139378,121.75845,N,40,freeway
25.139427,121.753204,N,40,freeway
25.13953,121.71468,W,50,road
25.140436,121.38171,D,50,road
25.141153,121.73923,N,50,road
25.141825,121.70991,W,50,road
25.141867,121.703316,W,40,road
25.141909,121.73884,S,50,road
25.14201,121.70965,E,50,road
25.142183,121.39,D,50,road
25.14726,121.44574,D,50,road
25.147667,121.738014,E,50,road
25.148745,121.70003,W,50,road
25.149271,121.699745,E,50,road
25.15061,121.44286,D,50,road
25.15088,121.407,D,50,road
25.151018,121.777985,N,50,road
25.15298,121.73204,N,50,road
25.1531,121.4407,D,50,road
25.15328,121.45941,D,50,road
25.153727,121.7342,E,50,road
25.15466,121.45947,D,50,road
25.156769,121.695755,W,50,road
25.157051,121.695404,E,50,road
25.158358,121.43447,D,50,road
25.15879,121.42313,D,50,road
25.15905,121.42912,D,50,road
25.15932,121.42549,D,50,road
25.15961,121.45485,D,50,road
25.162273,121.70153,E,50,road
25.16272,121.45243,D,50,road
25.164951,121.543755,D,40,road
25.17334,121.43573,D,50,road
25.17489,121.43209,D,50,road
25.18376,121.68742,D,60,road
25.19181,121.68391,D,50,road
25.19218,121.44685,D,70,road
25.19337,121.44647,D,70,road
25.20037,121.6776,D,50,road
25.20677,121.66111,D,70,road
25.20877,121.65275,D,60,road
25.21225,121.6465,D,50,road
25.21363,121.45065,D,60,road
25.21736,121.63982,D,60,road
25.21866,121.45022,D,60,road
25.21971,121.62376,D,50,road
25.22149,121.63168,D,70,road
25.22415,121.45203,D,50,road
25.23803,121.45681,D,60,road
25.239101,121.63158,D,50,road
25.24675,121.45966,D,70,road
25.25102,121.47009,D,60,road
25.25127,121.47048,D,60,road
25.26003,121.49248,D,50,road
25.26166,121.50133,D,50,road
25.26219,121.48618,D,70,road
25.26376,121.48248,D,70,road
25.27129,121.62368,D,50,road
25.282288,121.51954,D,60,road
25.282724,121.52016,D,70,road
25.29087,121.56132,D,50,road
25.29096,121.56444,D,50,road
25.29364,121.56831,D,70,road
25.29516,121.58202,D,70,road
